pi.id,pi.name,pi.table-j
0,Benjamin Garrison,44
1,Laura Brown,0
2,Dean Stewart,39
3,Angela Johnson,19
4,David Ochoa,38
5,Jennifer Dominguez,48
6,David Hamilton,16
7,Kelly Delgado,7
8,Natalie Jackson,33
9,Gary Barnes,21
10,Gregory Wright,7
11,Andrew Berg,47
12,Scott White,1
13,Mary Foster,44
14,Casey Higgins,39
15,Isaiah Henderson,45
16,Tara Hamilton,23
17,James Schmidt,27
18,Tanya Price,36
19,Randy Randolph,22
20,Michael Williams,0
21,David Thompson,29
22,Christine Gutierrez,5
23,John Walker,4
24,Angel Hunt,36
25,Paul Cooper,50
26,Laura Carter,30
27,Jill Haney,10
28,Alexa Chung,46
29,Frank Rodriguez,3
30,Austin Davidson,0
31,Linda Ward,22
32,Jennifer Robinson,0
33,Antonio Hughes,15
34,Erica Jackson,23
35,Victoria Wang,33
36,Nathan Doyle,24
37,Gabriel Hall MD,22
38,Haley Jones,48
39,Veronica Bradley,25
40,Jose Pierce,32
41,Kelly Daugherty,9
42,Sandra Perry,47
43,Jennifer Jenkins,49
44,Daniel Brewer,29
45,Kathleen Armstrong,19
46,Russell Cobb,18
47,Deborah Bradley,22
48,Tiffany Love,46
49,Sherri Carter,19
50,Donna Bonilla,16
51,Dr. Andrew Lewis MD,1
52,Alyssa Hawkins,49
53,Patricia Hanson,35
54,Rebecca Deleon,23
55,Andrew Gonzalez,15
56,Lisa Johnson,9
57,Christopher Mullins,42
58,James Norton,25
59,Karen Morris,47
60,Anthony Martinez,27
61,Gabriel Foster,37
62,Andrea Thomas,24
63,Diamond Reyes,42
64,Dalton Lewis,25
65,Colin Andrade,41
66,Jimmy Navarro,36
67,Summer Torres,21
68,Justin Hammond,1
69,Steven Webster,47
70,James Bennett,27
71,Dennis Smith,32
72,Victoria Anderson,40
73,Kyle Ali,27
74,Clayton Benson,48
75,Kenneth Holland,16
76,William Whitaker,31
77,Erik Carter,46
78,Derek Miller,22
79,Amber Murphy,38
80,Amanda Hale,35
81,April Norris,23
82,Derrick Moore,1
83,Gerald Fitzgerald,35
84,Mark Lopez,40
85,Lindsey Hobbs,37
86,Susan Park,8
87,Juan Nelson,15
88,Kenneth Cooper,11
89,Melissa Davila,19
90,David Wilson,36
91,Dawn Bray,43
92,Craig Hardy,47
93,Patrick Nelson,18
94,Matthew Clayton,39
95,Justin Harmon,5
96,Dean Hess,14
97,John Shepherd,48
98,Dr. Laurie Gordon,31
99,Richard Riddle,48
100,Amanda Rodriguez,36
101,Daisy Baker,34
102,Lori Davis,5
103,Katherine Mills,1
104,Thomas Huang,26
105,Christopher Roach,35
106,Miranda Stevens,3
107,Michael Hogan,34
108,Ryan Robbins,36
109,Heather Rodriguez,23
110,Dr. Sheena Kirk,50
111,Caroline Perkins,20
112,Mr. Christopher Johnson,14
113,Kimberly Chaney,35
114,Mark Lewis,17
115,Amanda Montes,20
116,Jean Hill,39
117,Jonathan Smith,23
118,Kenneth Valdez,29
119,Adam Merritt,17
120,Michael Kelly,13
121,Mathew Roach,32
122,Margaret Brown,22
123,Jason Pacheco,33
124,Carol Wallace,1
125,Christina Ross,3
126,Sylvia Lloyd,48
127,Amanda Tran,16
128,Gabrielle Gray,12
129,Nicholas Jones,43
130,Laurie Kelly,13
131,Jeffrey Smith,23
132,Stacey Morgan,45
133,Susan Miller,34
134,Nicole Fisher,36
135,Ryan Harris,40
136,Erin Wood,6
137,Mikayla Nunez,31
138,Frederick Moore,50
139,Rebecca Castro,45
140,Michael Hicks,28
141,Kevin Montgomery,3
142,Andrea Davis,39
143,Alexandra Lee,9
144,Jonathan Scott,36
145,Derrick Osborn,2
146,Kristin Rose,10
147,Eric Blackwell,8
148,Zachary Coleman,32
149,Zoe Mccoy,44
150,Tiffany Moore,5
151,Caitlyn Green,15
152,Ashley Hudson,46
153,Lisa Martin,24
154,Austin Garcia,20
155,Patricia Ross,0
156,Michael Willis,47
157,Eric Andersen,41
158,Sonya Buchanan,11
159,Dakota Reyes,41
160,Glenda Patterson,14
161,Micheal Archer II,46
162,Steve Thomas,21
163,Amanda Gross,17
164,David Robinson,19
165,Edward Fletcher,13
166,Sheila Watkins,12
167,Ana White,26
168,Joyce Cline,13
169,Robert Moore,21
170,Jeffrey Rodriguez,14
171,Laura Wilson,25
172,Justin Krueger,9
173,Shelley Turner,45
174,Amy Hunt,31
175,James Carroll,36
176,Kenneth Santana,1
177,Kelly Williams,49
178,David Huber,5
179,Angela Nash DVM,48
180,Ms. Amanda Mullen,48
181,Tanya Guzman,47
182,Karen Kerr,50
183,Brandi Rodriguez,21
184,Rachel Jones,27
185,Courtney Gonzales,33
186,Karen Brown,19
187,Karen Cole,2
188,Dillon Baker,32
189,David Luna,37
190,Alex Stewart,11
191,Ricky Gonzalez,15
192,Diane Mathis,27
193,Stacy Warner,7
194,Francis Blankenship,43
195,Roberta Myers,15
196,Grace Ramirez,30
197,April Gibson,3
198,Jessica Reeves,42
199,Veronica Arnold,5
200,Carlos Ochoa,47
201,Jodi Boyle,40
202,Elizabeth Becker,1
203,Anthony Gilbert,15
204,Jessica Wright,12
205,Felicia Moore,13
206,Charlene Anderson,18
207,Robert Brennan,38
208,Alejandro Casey,11
209,Ryan Carroll,14
210,Jessica Zamora,16
211,Barry Foley,5
212,Jane Wilson,37
213,Bruce Leonard,0
214,Drew Larson,29
215,Rachel Mitchell,48
216,Matthew Smith,44
217,David Gray,28
218,Albert Gordon,22
219,Mrs. Beth Smith,6
220,Erin Powell,43
221,Rachel Werner,32
222,Tamara Rhodes,15
223,Amanda May,20
224,Robert Taylor,24
225,Jennifer Goodwin,5
226,Jeffrey Patterson,50
227,Mark Bennett,34
228,Brenda Beck MD,29
229,Julie Mitchell,45
230,Nicole Davis,1
231,Patricia Smith,4
232,Dawn Anderson,12
233,Meagan Hunt,22
234,Tina Tapia,2
235,Tamara Schwartz,35
236,Elizabeth Lee,31
237,Brian Holt,32
238,Hannah King,4
239,Jose Hendrix,24
240,Jimmy Brock,22
241,Katie Jacobson,1
242,Jasmine Rasmussen,20
243,Jennifer White,50
244,Jared Jennings,40
245,Terry Smith,38
246,Eric Robinson,23
247,Kimberly Lindsey,38
248,Jeffrey Savage,50
249,Alyssa Mata,40
250,Tammy Bennett,23
251,Nancy Bauer,3
252,Sharon Bird,19
253,Natalie Rodriguez,32
254,Nicholas White,19
255,Amy Taylor,22
256,Nicolas Glover,32
257,David Pearson,27
258,Nichole Richardson,5
259,Frances Bailey,43
260,Kara Johnson,40
261,Michael Black,43
262,Christopher Cochran,36
263,Jill Cohen,0
264,Tammy Simpson,31
265,Brittney Newton,3
266,Monica Kennedy,19
267,Tyler Noble,40
268,John Jones,21
269,Maria Reeves,3
270,Katelyn Lee,2
271,Patrick Rodriguez,3
272,Logan Ramsey,40
273,Stephanie Houston,34
274,Nicholas Wilson,32
275,Francisco Fox,40
276,Rachel Long,39
277,Kayla Kelly,5
278,Greg Jackson,20
279,Jodi Cook,10
280,Steven Olson,37
281,Anna Dominguez,13
282,Tina Brown,20
283,Claudia Smith,28
284,Nicole Richards,48
285,Ernest Bush MD,29
286,Joseph Thomas,47
287,Patricia Obrien,0
288,Amber Jones,13
289,Timothy Harper,4
290,Sarah Reid,6
291,Amber Webb,29
292,Mitchell Gomez,34
293,Michelle Johnston,35
294,Mark Morris,14
295,Laura Collins,6
296,Debbie Burke,16
297,Christina Harper,6
298,David Gutierrez,16
299,Grant Murphy,21
300,Brian Rogers,9
301,Alicia Martin,7
302,Shannon Spence,20
303,Laura Beard,47
304,Hannah Powell,44
305,Hannah Lewis,15
306,Jennifer Mcdonald,28
307,Carol Johnston,22
308,Kimberly Hernandez,44
309,Karen Marquez MD,29
310,Melissa Blake,40
311,Sara Kelly,1
312,Suzanne Bonilla,25
313,Joseph Gonzales,47
314,Amy Jones,19
315,Caleb Moore,7
316,Christine Lopez,48
317,Benjamin Wallace,22
318,Thomas Stewart,6
319,Sheila Jacobs,2
320,Carolyn Thomas,1
321,David Hughes,21
322,Hannah Gilbert,13
323,James Jones,8
324,Sean Dawson,13
325,James Simon,8
326,Megan Austin,13
327,Chad Burgess MD,39
328,Beth Scott,45
329,Emily Smith,45
330,Cynthia Smith,40
331,Lisa Clark,11
332,Brian Whitehead,10
333,Peggy Ramirez,0
334,Kathryn Gonzales,29
335,Dalton Little,39
336,Spencer Thompson,19
337,Peter West,9
338,Megan Miller,17
339,Rebecca Moore,8
340,Philip Stewart,32
341,Andrea Smith,50
342,Dr. Kristy Miller,24
343,Angela Briggs,49
344,Robyn Poole,21
345,Jennifer Rose,12
346,Alison Rogers,14
347,Anthony Williams,11
348,Brenda Woodward,25
349,Tracy Gates,14
350,Isaac Bryant,15
351,George Johnson,35
352,Diana Potter,40
353,Zachary Ramirez,40
354,Brenda Clark,41
355,Robert Lawson,8
356,Jeffrey James,15
357,Dustin Marsh,38
358,Christine Wagner,9
359,Jennifer Sparks,32
360,Edward Webster,41
361,Curtis Armstrong MD,20
362,Peter David,46
363,Vanessa West,3
364,Matthew Barrett,19
365,James Garcia,6
366,Jonathan Andersen,11
367,Harry Mayo,19
368,Charles Wade,4
369,Lauren Golden,2
370,Jeffrey House,22
371,Franklin Bray,7
372,Jeanette Bonilla,29
373,Brett Lozano,39
374,Holly Mitchell,46
375,Andrew Jacobson,44
376,James Roy,30
377,Michael Vang,37
378,Stephen Tyler,30
379,Rebecca Harris,39
380,James Wagner,25
381,Andrea Ortega,1
382,William Mcknight,25
383,Matthew Allen,5
384,Robert Moon,3
385,Karen Hensley,15
386,Janet Jordan,21
387,Olivia Hernandez,32
388,Catherine Underwood,21
389,Monique Goodman,7
390,Jennifer Green,10
391,Lisa Rivera,50
392,Theresa Combs,38
393,Sarah Klein,4
394,Shawn Anderson,30
395,Patricia Donaldson,50
396,April Haynes,34
397,Nichole Miller,7
398,Sherri Gonzalez,10
399,Miranda Johnson,3
400,Kelsey Webb,16
401,Kathleen Levy,30
402,Alex Lee,46
403,Kenneth Wilson,16
404,Tyler Jenkins,4
405,Jerry Perez,2
406,Mr. Pedro Murray,41
407,Ray Bates,17
408,Jacob Garza,32
409,Danielle Hunter,30
410,Laura Smith,15
411,Jane Carr,27
412,Christine Spencer,9
413,Kayla Oneill,2
414,Matthew White,40
415,Margaret Carter,26
416,Madison Rhodes,42
417,William Frey,43
418,Jesse Keith,30
419,Kerry Cardenas,3
420,Patrick Chapman,36
421,Kelly Baker,9
422,Erica Wilson,14
423,Clayton Hunt,28
424,Steve Robertson,19
425,Ronald Mcclure,30
426,Daniel Bautista,27
427,Veronica Neal,12
428,Meredith Best,14
429,Gregory Long,23
430,Ashley Thompson,20
431,Emily Bradford,18
432,Kristine Castro,11
433,Ashley Lewis,12
434,Anita Mendoza,32
435,Joshua White,17
436,Thomas Fields,47
437,Michael Parker,1
438,Pamela Banks,4
439,Michael Williams,29
440,Clarence Burns,22
441,Paul Brown,15
442,Janet Steele,43
443,Marissa Washington,11
444,Robert Martin,41
445,David Meyer,3
446,Meredith Nolan,12
447,Alexis Gray,24
448,Cole Horn,10
449,Jessica Ryan,25
450,Holly Benjamin,7
451,Samantha Martinez,42
452,Jennifer Rush,49
453,Justin Lane,11
454,Connie Hartman,36
455,Benjamin Russell,1
456,Brian Ibarra,31
457,Thomas Cochran,29
458,Jake Reed,21
459,Jill Thomas,22
460,Kyle Reynolds,16
461,Valerie Wagner,4
462,Rebecca Wolfe,4
463,Daniel Fletcher,34
464,Mary Barrett,19
465,Devin Stephenson,6
466,Angela Rogers,8
467,Brian Sanchez Jr.,21
468,Mr. Daniel Yoder,35
469,Mr. David Gomez,1
470,Jessica Bryan,42
471,Natalie Weber,12
472,Melissa Williams,0
473,Mary Taylor,27
474,Paul Roman,37
475,Joanne Brown,22
476,Spencer Ortiz,12
477,Kristina Noble,24
478,Gerald Woodward,16
479,Bryan Spence,44
480,Catherine Williams,34
481,Linda Bailey,47
482,Daniel Williams,21
483,Geoffrey Gross,47
484,Wendy Torres,15
485,Donald Cole,12
486,Derek Aguilar,39
487,Scott Jackson,23
488,Yolanda James,20
489,Samantha Mullen,5
490,Andrew Hernandez,42
491,Dr. Stacy Williams,33
492,Sarah Todd,27
493,Martin Romero,31
494,Darin Walker,36
495,John Murphy,16
496,Daniel Mejia,32
497,Robin Bryant,43
498,Melanie Clark,46
499,Jason Rose,35
